GebaeudeHoeheMaxAbsolut	(u_0 / COORD :0 (u_1 / betragen) :0 (u_2 / ueberschreiten :2 (u_3 / GebaeudeHoehe ) ))	(u_100 / uePERIODWPERIODNPERIOD);(u_101 / ueber :2 (u_102 / null :0 (u_103 / Wiener)))
GebaeudeHoeheMaxAbsolut	(u_0 / Gebaeudehoehe :0 (u_1 / maximal))	(u_100 / uePERIODWPERIODNPERIOD);(u_101 / ueber :2 (u_102 / null :0 (u_103 / Wiener)))
GebaeudeHoeheMaxAbsolut	(u_0 / beschraenken :2 (u_1 / Gebaeudehoehe ))	(u_100 / uePERIODWPERIODNPERIOD);(u_101 / ueber :2 (u_102 / null :0 (u_103 / Wiener)))
GebaeudeHoeheMaxAbsolut	(u_0 / bis :2 (u_1 / Gebaeudehoehe))	(u_100 / uePERIODWPERIODNPERIOD);(u_101 / ueber :2 (u_102 / null :0 (u_103 / Wiener)))
GebaeudeHoeheMaxAbsolut	(u_0 / festsetz.* :2 (u_1 / Gebaeudehoehe :0 (u_2 / PER :0 (u_3 / .*hoechst)) ))	(u_100 / uePERIODWPERIODNPERIOD);(u_101 / ueber :2 (u_102 / null :0 (u_103 / Wiener)))
GebaeudeHoeheMaxAbsolut	(u_0 / mit :2 (u_1 / GebaeudeHoehe) :1 (u_2 / PER ))	(u_100 / uePERIODWPERIODNPERIOD);(u_101 / ueber :2 (u_102 / null :0 (u_103 / Wiener)))
GebaeudeHoeheMaxAbsolut	(u_0 / ueberschreiten :[12] (u_1 / Gebaeudehoehe))	(u_100 / uePERIODWPERIODNPERIOD);(u_101 / ueber :2 (u_102 / null :0 (u_103 / Wiener)))
GebaeudeHoeheMaxAbsolut	(u_150 / betragen :1 (u_123 / Gebaeudehoehe) :0 (u_127 / hoechstens))	(u_100 / uePERIODWPERIODNPERIOD);(u_101 / ueber :2 (u_102 / null :0 (u_103 / Wiener)))
GebaeudeHoeheMaxAbsolut	(u_482 / betragen :2 (u_96 / m :0 (u_744 / .* :0 (u_127 / hoechstens))) :1 (u_123 / Gebaeudehoehe))	(u_100 / uePERIODWPERIODNPERIOD);(u_101 / ueber :2 (u_102 / null :0 (u_103 / Wiener)))
GebaeudeHoeheMaxAbsolut	(u_482 / betragen :2 (u_96 / m :0 (u_744 / .* :0 (u_127 / maximal))) :1 (u_123 / Gebaeudehoehe))	(u_100 / uePERIODWPERIODNPERIOD);(u_101 / ueber :2 (u_102 / null :0 (u_103 / Wiener)))
GebaeudeHoeheMaxAbsolut	(u_889 / ueberschreiten :2 (u_269 / Hoehe ) :1 (u_897 / Bauteil :0 (u_411 / Gebaeude)))	(u_100 / uePERIODWPERIODNPERIOD);(u_101 / ueber :2 (u_102 / null :0 (u_103 / Wiener)))
